,sentence,sentiment_polarity,sentiment_subjectivity
2,RT @danyaljaveed: Python For Data Science #CheatSheets #BigData #Analytics #DeepLearning #MachineLearning #DataScience #AI #IoT #IIoT #Iot3\xe2\x80\xa6',0.0,0.0
3,RT @currypurin: u++\xe3\x81\x95\xe3\x82\x93(@upura0 )\xe3\x81\xa8\xe3\x80\x81\xe8\xac\x9b\xe8\xab\x87\xe7\xa4\xbe\xe3\x81\x95\xe3\x82\x93\xe3\x81\x8b\xe3\x82\x89\xe3\x80\x81Kaggle\xe3\x81\xae\xe5\x85\xa5\xe9\x96\x80\xe6\x9b\xb8\xe3\x82\x92\xe5\x87\xba\xe3\x81\x97\xe3\x81\xbe\xe3\x81\x99\xef\xbc\x81\n\xe4\xb8\xbb\xe3\x81\xabNovice\xef\xbc\x88Kaggle\xe6\x9c\xaa\xe4\xbd\x93\xe9\xa8\x93\xef\xbc\x89\xe3\x81\xae\xe6\x96\xb9\xe3\x82\x92\xe5\xaf\xbe\xe8\xb1\xa1\xe3\x81\xab\xe3\x81\x97\xe3\x81\x9f\xe6\x9c\xac\xe3\x81\xa7\xe3\x80\x81\xe5\x88\x9d\xe5\xad\xa6\xe8\x80\x85\xe3\x81\xae\xe6\x96\xb9\xe3\x81\x8cKaggle\xe3\x81\xae\xe3\x82\xb3\xe3\x83\xb3\xe3\x83\x9a\xe3\x81\xab\xe5\x8f\x96\xe3\x82\x8a\xe7\xb5\x84\xe3\x82\x80\xe7\x9f\xa5\xe8\xad\x98\xe3\x82\x92\xe7\xbf\x92\xe5\xbe\x97\xe3\x81\xa7\xe3\x81\x8d\xe3\x82\x8b\xe6\x9c\xac\xe3\x82\x92\xe7\x9b\xae\xe6\x8c\x87\xe3\x81\x97\xe3\x81\xa6\xe3\x81\x84\xe3\x81\xbe\xe3\x81\x99\xe3\x80\x82\n2\xe4\xba\xba\xe3\x81\xae\xe4\xbd\x93\xe9\xa8\x93\xe8\xab\x87\xe3\x82\x82\xe9\x9a\x8f\xe6\x89\x80\xe3\x81\xab\xe7\x9b\x9b\xe2\x80\xa6',0.0,0.0
4,RT @djpardis: We are hiring for the Data Science organization at Carbon Health! \xe2\x9a\x95\xef\xb8\x8f \n\nHere is the job description with a list of current and\xe2\x80\xa6',0.0,0.4
5,\xd9\x85\xd9\x86 \xd9\x8a\xd8\xaa\xd9\x81\xd9\x82 \xd8\xb9\xd9\x84\xd9\x89 \xd9\x85\xd8\xa7\xd8\xb0\xd9\x83\xd8\xb1 \xd9\x81\xd9\x8a \xd8\xa7\xd9\x84\xd8\xa7\xd8\xb3\xd9\x81\xd9\x84.',0.0,0.0
6,RT @livelovegeek: Day 4 of #DevDecember is one of my favorite pieces of content from @ch9 this year,0.5,1.0
7,RT @dlearningland: Don\xe2\x80\x99t miss out the discount | #CyberMonday | #CyberMonday2019 | Tableau 10 and Tableau 9.3 Desktop,0.0,0.0
8,"b""WE'VE GOT JOKES! #DevDecember https://t.co/szsfs6rjCs""",0.0,0.0
9,Goa Institute of Management\xe2\x80\x99s PGDM in BIG DATA ANALYTICS is enhanced with a state-of-the-art Data Science Laborator\xe2\x80\xa6 https://t.co/kxzl1ZGPmN',0.0,0.1
10,RT @dlearningland: Don\xe2\x80\x99t miss out the discount | #CyberMonday | #CyberMonday2019 | Tableau 10 and Tableau 9.3 Desktop,0.0,0.0
11,RT @PurdueUnivNews: .@LifeAtPurdue announces plans to build new Data Science building. @PurdueScience. https://t.co/AC10z8efSi https://t.co\xe2\x80\xa6',0.13636363636363635,0.45454545454545453
12,Deep Learning Prerequisites: Logistic Regression in Python #udemyfree #udemycoupon -&gt; https://t.co/NeWQBZAJJt\xe2\x80\xa6 https://t.co/lXQeJ8roxP',0.0,0.4
13,RT @FreeHipwee: Deep Learning Prerequisites: Logistic Regression in Python #udemyfree #udemycoupon -&gt; https://t.co/NeWQBZAJJt\n\n#DataScience\xe2\x80\xa6',0.0,0.4
14,RT @FreeHipwee: Deep Learning Prerequisites: Logistic Regression in Python #udemyfree #udemycoupon -&gt; https://t.co/NeWQBZAJJt\n\n#DataScience\xe2\x80\xa6',0.0,0.4
15,RT @FreeHipwee: Deep Learning Prerequisites: Logistic Regression in Python #udemyfree #udemycoupon -&gt; https://t.co/NeWQBZAJJt\n\n#DataScience\xe2\x80\xa6',0.0,0.4
16,RT @Ferbeltranmx: One-page R: a survival guide to data science with R\n#datascience #ai #machinelearning #bigdata #artificialintelligence #i\xe2\x80\xa6',0.0,0.0
17,RT @FreeHipwee: Deep Learning Prerequisites: Logistic Regression in Python #udemyfree #udemycoupon -&gt; https://t.co/NeWQBZAJJt\n\n#DataScience\xe2\x80\xa6',0.0,0.4
18,RT @Ferbeltranmx: One-page R: a survival guide to data science with R\n#datascience #ai #machinelearning #bigdata #artificialintelligence #i\xe2\x80\xa6',0.0,0.0
19,RT @Ferbeltranmx: One-page R: a survival guide to data science with R\n#datascience #ai #machinelearning #bigdata #artificialintelligence #i\xe2\x80\xa6',0.0,0.0
20,RT @budimandjatmiko: Siap2 bicara ttg #Revolusi40 di kantor Gubernur Kalbar..membahas #Datapintar,0.0,0.0
21,"b""RT @MSFTReactor: WE'VE GOT JOKES! #DevDecember https://t.co/szsfs6rjCs""",0.0,0.0
22,RT @YGMT_Tanzania: What is the role of women in data science?\n#DataTamasha2019 \n#womenintech https://t.co/JjN4HBSg4J',0.0,0.0
23,School of H&amp;S to offer new data science minor https://t.co/5uM8nJsgF1',0.043181818181818175,0.32727272727272727
24,RT @YGMT_Tanzania: What is the role of women in data science?\n#DataTamasha2019 \n#womenintech https://t.co/JjN4HBSg4J',0.0,0.0
25,"Checking out ""17 Great Blogs Posted in the last 12 Months"" on Data Science Central: https://t.co/7QBS0xwwQM'",0.26666666666666666,0.35555555555555557
26,RT @robinson_es: More exciting news: @skyetetra and I have handed off our book to production! It covers all the non-tech things you need to\xe2\x80\xa6',0.4375,0.65
27,RT @Prince_Analyst: \xe2\x80\x9cData Science Nigeria 2019 Bootcamp: My great experience.\xe2\x80\x9d @Prince_Analyst https://t.co/ddHTy2VubU\n\n@bayoadekanmbi,0.8,0.75
28,Yes not just the ornanmental wealth but the intellectual wealth was looted and called their own research\xe2\x80\xa6 https://t.co/2N3fMtCOCw',0.44999999999999996,0.7
29,RT @NidaUsmanCh: Ever wanted to have your queries about #smog and toxic air quality answered? \nNow is your chance. Join @thelahorewala on d\xe2\x80\xa6',0.0,0.0
30,Purdue announces plans to build new data science building - Purdue News Service https://t.co/lDZigfQenl https://t.co/TLP36lzJ2r',0.13636363636363635,0.45454545454545453
31,RT @carie_joe: Best panel:\n\xe2\x80\x9cRole@of women in data science\xe2\x80\x9d the type of panel that you hear \xe2\x80\x9cAI,1.0,0.3
32,"b""RT @mayur_p_joshi: @rohitnishant That's intriguing. Business (as well as other social sciences) schools are going to play a key role in sha\xe2\x80\xa6""",0.05208333333333334,0.4604166666666667
33,Data Science Manager,0.0,0.0
34,Post published: Knowledge Science: The Key to Unprecedented Revolution https://t.co/HqYOBd66nC',0.3,0.95
35,RT @FreeHipwee: Deep Learning Prerequisites: Logistic Regression in Python #udemyfree #udemycoupon -&gt; https://t.co/NeWQBZAJJt\n\n#DataScience\xe2\x80\xa6',0.0,0.4
36,RT @FreeHipwee: Deep Learning Prerequisites: Logistic Regression in Python #udemyfree #udemycoupon -&gt; https://t.co/NeWQBZAJJt\n\n#DataScience\xe2\x80\xa6',0.0,0.4
37,RT @PartnersNews: The MGH &amp; BWH Center for Clinical Data Science @clindatsci is at #RSNA19 and has announced a new initiative with @NVIDIA\xe2\x80\xa6',0.018181818181818174,0.2772727272727273
38,RT @yayitsrob: Also new in this story:\n\nThe US is now the second largest market for solar in the world,0.06818181818181818,0.22727272727272727
39,RT @gp_pulipaka: A Beginner\xe2\x80\x99s Guide to Statistics for Data Science. #BigData #Analytics #DataScience #AI #MachineLearning #IoT #IIoT #PyTor\xe2\x80\xa6',0.0,0.0
40,Blutech Consulting - one of the fastest growing Big Data companies in Pakistan is looking for fresh computer scienc\xe2\x80\xa6 https://t.co/3QWH6F90tE',0.15,0.3
41,RT @gp_pulipaka: A Beginner\xe2\x80\x99s Guide to Statistics for Data Science. #BigData #Analytics #DataScience #AI #MachineLearning #IoT #IIoT #PyTor\xe2\x80\xa6',0.0,0.0
42,"b""RT @Michael46830937: If you put the fox in the hen house don't be surprised by the lack of hens.  I think @ClimateOfGavin won the pageant b\xe2\x80\xa6""",0.1,0.9
43,"RT @ClimatePoet: @ClimateRealists The Climate Cult #Doomers keep hiding behind the word ""science""",-0.4,0.7
44,RT @skyetetra: Fun fact! It took 862 git commits to write the book. https://t.co/FGbMXaWrra',0.375,0.2
45,@Christi56761769 @srounkle @sydrasmith @lesleyabravanel @FLOTUS That depends,0.0,0.0
46,Depan kantor gubenur ada kossan saya bapak gak mau singgah gitu pak sambil istirahat\xf0\x9f\x99\x8f\xf0\x9f\x99\x8f\xf0\x9f\x99\x8f',0.0,0.0
47,When I started looking at these Data Science competitions earlier this year @Topcoder and @kaggle.\n\nThinking to mys\xe2\x80\xa6 https://t.co/BMZHrl4Rsw',0.0,0.5
48,RT @SRKRanking: After 6 years of providing data to the community,0.0,0.0
49,RT @FreeHipwee: Deep Learning Prerequisites: Logistic Regression in Python #udemyfree #udemycoupon -&gt; https://t.co/NeWQBZAJJt\n\n#DataScience\xe2\x80\xa6',0.0,0.4
50,RT @onnowpurbo: https://t.co/7TX1ol6L7F',0.0,0.0
51,RT @RafaEntarch: Data Science Books you should read in 2020 by @prz_chojecki https://t.co/prvBPk6YF,0.0,0.0
52,RT @dlearningland: Don\xe2\x80\x99t miss out the discount | #CyberMonday | #CyberMonday2019 | Tableau 10 and Tableau 9.3 Desktop,0.0,0.0
53,RT @DataScienceatDU: Earn your MS in Data Science online from the University of Denver and become a data science professional. Start your a\xe2\x80\xa6',0.1,0.1
54,"Re reading the editorial(recovering from the shock of reading ""reanalyse the reanalysis"")on the difficulties in tru\xe2\x80\xa6 https://t.co/Oos5ChhK4R'",0.0,0.0
55,Hands-On Data Science for Marketing: Improve your marketing strategies with machine learning using Python and R https://t.co/vN4Q9pSSgL',0.0,0.0
56,RT @DD_NaNa_: Intro to Python for Computer Science and Data Science: Learning to Program with AI,0.0,0.0
57,Dari ribuan data science didpt informasi tepat,0.0,0.0
58,@Mar1p1nk @JoelGlezS son grandes team ! Tremenda labor y dedicaci\xc3\xb3n con pasi\xc3\xb3n #stem .. .\xe2\x80\x9dTodas las profesiones est\xe2\x80\xa6 https://t.co/TSw2xzzPDM',0.0,0.0
59,Netflix: Our Metaflow Python library for faster data science is now open source https://t.co/q4XgC0ZMg2',0.0,0.5
60,School of H&amp;S to offer new data science minor https://t.co/7viHhC45Mz',0.043181818181818175,0.32727272727272727
61,15 Data Science Books You Should Read. #BigData #Analytics #DataScience #IoT #IIoT #PyTorch #Python #RStats\xe2\x80\xa6 https://t.co/I7Mr1Vv1Yq',0.0,0.0
62,RT @gp_pulipaka: 15 Data Science Books You Should Read. #BigData #Analytics #DataScience #IoT #IIoT #PyTorch #Python #RStats #TensorFlow #J\xe2\x80\xa6',0.0,0.0
63,RT @gp_pulipaka: 15 Data Science Books You Should Read. #BigData #Analytics #DataScience #IoT #IIoT #PyTorch #Python #RStats #TensorFlow #J\xe2\x80\xa6',0.0,0.0
64,RT @gp_pulipaka: 15 Data Science Books You Should Read. #BigData #Analytics #DataScience #IoT #IIoT #PyTorch #Python #RStats #TensorFlow #J\xe2\x80\xa6',0.0,0.0
65,RT @gp_pulipaka: 15 Data Science Books You Should Read. #BigData #Analytics #DataScience #IoT #IIoT #PyTorch #Python #RStats #TensorFlow #J\xe2\x80\xa6',0.0,0.0
66,Top KDnuggets tweets,0.5,0.5
67,RT @LineJHRasmussen: Interesting (and short) read: \n@JAMA_current editorial on the challenges of sharing data in an era of politicized scie\xe2\x80\xa6',0.25,0.4
68,RT @gp_pulipaka: 15 Data Science Books You Should Read. #BigData #Analytics #DataScience #IoT #IIoT #PyTorch #Python #RStats #TensorFlow #J\xe2\x80\xa6',0.0,0.0
69,RT @gp_pulipaka: 15 Data Science Books You Should Read. #BigData #Analytics #DataScience #IoT #IIoT #PyTorch #Python #RStats #TensorFlow #J\xe2\x80\xa6',0.0,0.0
70,RT @gp_pulipaka: 15 Data Science Books You Should Read. #BigData #Analytics #DataScience #IoT #IIoT #PyTorch #Python #RStats #TensorFlow #J\xe2\x80\xa6',0.0,0.0
71,Cara kerjanya? Kita menjawab 20-30  pertanyaan dan recommendation \nengine berbasis data science dari @JoveeId akan\xe2\x80\xa6 https://t.co/xQcyfbzURB',0.0,0.0
72,RT @gp_pulipaka: 15 Data Science Books You Should Read. #BigData #Analytics #DataScience #IoT #IIoT #PyTorch #Python #RStats #TensorFlow #J\xe2\x80\xa6',0.0,0.0
73,RT @gp_pulipaka: 15 Data Science Books You Should Read. #BigData #Analytics #DataScience #IoT #IIoT #PyTorch #Python #RStats #TensorFlow #J\xe2\x80\xa6',0.0,0.0
74,RT @FreeHipwee: Deep Learning Prerequisites: Logistic Regression in Python #udemyfree #udemycoupon -&gt; https://t.co/NeWQBZAJJt\n\n#DataScience\xe2\x80\xa6',0.0,0.4
75,"RT @VenturesSahara: Our @SparkSahara Team Lead Ms. @vanessazbliss taking part in ""The Role Of Women in Data Science In The Industrial Era""\xe2\x80\xa6'",0.0,0.0
76,RT @GbengaOmosebi_: Count me in https://t.co/VGd2LUdNSN',0.0,0.0
77,RT @AfDB_Group: The Coding for Employment platform teaches technical courses like web development,0.0,0.1
78,RT @GrimmGreen: When pressed on his approach to addressing vaping,0.0,0.0
79,RT @djpardis: We are hiring for the Data Science organization at Carbon Health! \xe2\x9a\x95\xef\xb8\x8f \n\nHere is the job description with a list of current and\xe2\x80\xa6',0.0,0.4
80,RT @gp_pulipaka: 15 Data Science Books You Should Read. #BigData #Analytics #DataScience #IoT #IIoT #PyTorch #Python #RStats #TensorFlow #J\xe2\x80\xa6',0.0,0.0
81,RT @FinPlanKaluAja1: Another opportunity folks ... https://t.co/eRruSiDlu3',0.0,0.0
82,RT @yayitsrob: Also new in this story:\n\nThe US is now the second largest market for solar in the world,0.06818181818181818,0.22727272727272727
83,EBOOK Free Data Science on the Google Cloud Platform: Implementing End-to-End Real-Time Data Pipelines: From Ingest\xe2\x80\xa6 https://t.co/pjNzGAJVLt',0.4,0.8
84,"b""RT @WindowsDocs: We can't officially endorse this joke",0.0,0.0
85,What does data science workflow typically look like in the wild? https://t.co/czMGt5LrLN #datascience',-0.033333333333333326,0.45
86,RT @gp_pulipaka: 15 Data Science Books You Should Read. #BigData #Analytics #DataScience #IoT #IIoT #PyTorch #Python #RStats #TensorFlow #J\xe2\x80\xa6',0.0,0.0
87,RT @alliekmiller: Shoutout to one of my women-in-tech besties,0.0,0.0
88,RT @gp_pulipaka: 15 Data Science Books You Should Read. #BigData #Analytics #DataScience #IoT #IIoT #PyTorch #Python #RStats #TensorFlow #J\xe2\x80\xa6',0.0,0.0
89,\xe2\x98\x80 Hiring: #Cloud DevOps Engineer \xe2\x80\x93 Data Science\n#DataOperations #Dataops #SilverSpring #techjobs #devjobs\nApply Now\xe2\x80\xa6 https://t.co/UxYO7z8RqA',0.0,0.0
90,"b""RT @datactivi_st: Sur https://t.co/D2Yief4Jun",0.0,0.0
91,RT @NetflixResearch: We are very excited to announce that we have open-sourced Metaflow,0.48750000000000004,0.9750000000000001
92,RT @inria_chile: Thanks to the Chilean Ministry of Science,0.2,0.2
93,Netflix: Our Metaflow Python library for faster data science is now open source | ZDNet https://t.co/PfNNuRVFsA',0.0,0.5
94,RT @seanjtaylor: So excited to share that @lyft &amp; @RLadiesSF are co-hosting a meetup with data science lightning talks on Tuesday,0.375,0.75
95,RT @VDarleenOpfer: This is a fantastic collection of articles on the science of reading: whether common practices are supported by the scie\xe2\x80\xa6',0.05000000000000002,0.7
96,RT @BoozAllen: Registration is now open on Kaggle for the 2019 Data Science Bowl with data partner PBS KIDS! The challenge will identify fa\xe2\x80\xa6',0.0,0.5
97,Data Science is just: dies sac sac jute tin.',0.0,0.0
98,Get Exclusive Deal on Data Science 2020 Bundle Course #BigData #Analytics  https://t.co/Z7SL3BOlhr',0.0,0.0
99,@data_bayes please also include what keeps you sparked about data science. looking forward to hearing/reading more',0.5,0.5
100,RT @trjpphelan: Some really useful books in here #rstats  https://t.co/hpKF0bZoji',0.3,0.0
101,Scaling Data Science with R at Janssen Pharmaceuticals https://t.co/sRcBmSSCFu  #DataScience',0.0,0.0
102,Data Analyst -In Computer Science,0.0,0.0
103,RT @AERA_EdResearch: AERA is holding a Satellite Conference on Educational Data Science in April at @Stanford immediately after #AERA20. Th\xe2\x80\xa6',0.25,0.25
104,Data Analyst -In Computer Science,0.0,0.0
105,"b""RT @TosinOlugbenga: How many of you are interested to pay to learn Data Science and Machine Learning?\n\nThat's the future of tech",0.25,0.375
106,Data Analyst -In Computer Science,0.0,0.0
107,"b""@B19_D4ddy AI",0.0,0.0
108,Data Analyst -In Computer Science,0.0,0.0
